date,bin_id,latitude,longitude,fill_level,type
2025-11-13,BH 1,31.251131,75.700444,8.92,Hostel
2025-11-13,BH 2,31.249572,75.701215,62.98,Hostel
2025-11-13,BH 3,31.249341,75.700326,33.19,Hostel
2025-11-13,BH 4,31.248807,75.69945,36.76,Hostel
2025-11-13,BH 5,31.248429,75.703425,46.36,Hostel
2025-11-13,BH 6,31.24773,75.703284,56.74,Hostel
2025-11-13,BH 7,31.249587,75.698453,56.68,Hostel
2025-11-13,BH 9,31.248997,75.707221,52.71,Hostel
2025-11-13,GH 1,31.25698,75.705917,42.85,Hostel
2025-11-13,GH 2,31.256576349156013,75.70600305197192,84.35,Hostel
2025-11-13,GH 3,31.256247,75.705907,37.21,Hostel
2025-11-13,GH 4,31.256147,75.705593,69.7,Hostel
2025-11-13,GH 5,31.253345,75.701441,62.65,Hostel
2025-11-13,GH 6,31.253894,75.701453,49.62,Hostel
2025-11-13,Block 25,31.252766935323233,75.70247007647266,22.4,Academic
2025-11-13,Block 26,31.25251262043042,75.70288890163525,34.83,Academic
2025-11-13,Block 27,31.25262304671798,75.70329206978182,33.71,Academic
2025-11-13,Block 28,31.252596276720727,75.7037813515131,34.92,Academic
2025-11-13,Block 29,31.252562116406462,75.70411583579198,29.92,Academic
2025-11-13,Block 30,31.252571645141806,75.70455889610352,42.48,Academic
2025-11-13,Block 31,31.252702665155137,75.7049295063012,22.67,Academic
2025-11-13,Block 32,31.25216502650298,75.70479171190456,14.33,Academic
2025-11-13,Block 33,31.251433721346658,75.70482876400567,12.94,Academic
2025-11-13,Block 34,31.251507960320698,75.70420351952421,8.32,Academic
2025-11-13,UniMall,31.25571794879689,75.70553427963397,30.06,Default
2025-11-13,Oven Express (Main FC),31.257670255968534,75.7078325176423,99.54,Food Court
2025-11-13,Food Court 1,31.25071137449487,75.70009168116188,55.69,Food Court
2025-11-13,Food Court 2,31.24912804468433,75.69950557836073,79.31,Food Court
2025-11-13,Food Court 3,31.249114785500492,75.70177503332981,26.38,Food Court
2025-11-13,Food Court 4,31.252365144929435,75.7019262975906,100.0,Food Court
2025-11-13,Food Court 5,31.250888320767253,75.70475685420077,83.22,Food Court
2025-11-13,Food Court 6,31.255250658751176,75.70326922923269,69.9,Food Court
2025-11-13,Food Court 7,31.247164525086042,75.70462982835663,100.0,Food Court
2025-11-13,Robo Park,31.253253426235908,75.70323783622219,75.62,Park
2025-11-13,Dildo Park,31.258042979879235,75.70734165487251,77.73,Park
2025-11-13,BH 1 Ground,31.251164654273417,75.69910443978571,67.66,Hostel
2025-11-13,BH 6 Cricket Ground,31.247864304246278,75.70102606171987,47.3,Hostel
2025-11-14,BH 1,31.251131,75.700444,25.83,Hostel
2025-11-14,BH 2,31.249572,75.701215,98.02,Hostel
2025-11-14,BH 3,31.249341,75.700326,48.43,Hostel
2025-11-14,BH 4,31.248807,75.69945,32.28,Hostel
2025-11-14,BH 5,31.248429,75.703425,33.87,Hostel
2025-11-14,BH 6,31.24773,75.703284,56.27,Hostel
2025-11-14,BH 7,31.249587,75.698453,48.46,Hostel
2025-11-14,BH 9,31.248997,75.707221,41.31,Hostel
2025-11-14,GH 1,31.25698,75.705917,46.1,Hostel
2025-11-14,GH 2,31.256576349156013,75.70600305197192,1.91,Hostel
2025-11-14,GH 3,31.256247,75.705907,54.11,Hostel
2025-11-14,GH 4,31.256147,75.705593,86.58,Hostel
2025-11-14,GH 5,31.253345,75.701441,34.01,Hostel
2025-11-14,GH 6,31.253894,75.701453,90.43,Hostel
2025-11-14,Block 25,31.252766935323233,75.70247007647266,30.16,Academic
2025-11-14,Block 26,31.25251262043042,75.70288890163525,15.16,Academic
2025-11-14,Block 27,31.25262304671798,75.70329206978182,36.28,Academic
2025-11-14,Block 28,31.252596276720727,75.7037813515131,41.67,Academic
2025-11-14,Block 29,31.252562116406462,75.70411583579198,21.36,Academic
2025-11-14,Block 30,31.252571645141806,75.70455889610352,32.48,Academic
2025-11-14,Block 31,31.252702665155137,75.7049295063012,38.66,Academic
2025-11-14,Block 32,31.25216502650298,75.70479171190456,29.02,Academic
2025-11-14,Block 33,31.251433721346658,75.70482876400567,15.44,Academic
2025-11-14,Block 34,31.251507960320698,75.70420351952421,2.59,Academic
2025-11-14,UniMall,31.25571794879689,75.70553427963397,23.88,Default
2025-11-14,Oven Express (Main FC),31.257670255968534,75.7078325176423,100.0,Food Court
2025-11-14,Food Court 1,31.25071137449487,75.70009168116188,100.0,Food Court
2025-11-14,Food Court 2,31.24912804468433,75.69950557836073,100.0,Food Court
2025-11-14,Food Court 3,31.249114785500492,75.70177503332981,87.96,Food Court
2025-11-14,Food Court 4,31.252365144929435,75.7019262975906,45.65,Food Court
2025-11-14,Food Court 5,31.250888320767253,75.70475685420077,71.57,Food Court
2025-11-14,Food Court 6,31.255250658751176,75.70326922923269,22.8,Food Court
2025-11-14,Food Court 7,31.247164525086042,75.70462982835663,95.44,Food Court
2025-11-14,Robo Park,31.253253426235908,75.70323783622219,25.27,Park
2025-11-14,Dildo Park,31.258042979879235,75.70734165487251,6.76,Park
2025-11-14,BH 1 Ground,31.251164654273417,75.69910443978571,84.03,Hostel
2025-11-14,BH 6 Cricket Ground,31.247864304246278,75.70102606171987,64.22,Hostel
2025-11-15,BH 1,31.251131,75.700444,37.69,Hostel
2025-11-15,BH 2,31.249572,75.701215,25.42,Hostel
2025-11-15,BH 3,31.249341,75.700326,32.58,Hostel
2025-11-15,BH 4,31.248807,75.69945,22.14,Hostel
2025-11-15,BH 5,31.248429,75.703425,21.42,Hostel
2025-11-15,BH 6,31.24773,75.703284,27.4,Hostel
2025-11-15,BH 7,31.249587,75.698453,45.86,Hostel
2025-11-15,BH 9,31.248997,75.707221,19.22,Hostel
2025-11-15,GH 1,31.25698,75.705917,59.32,Hostel
2025-11-15,GH 2,31.256576349156013,75.70600305197192,100.0,Hostel
2025-11-15,GH 3,31.256247,75.705907,57.57,Hostel
2025-11-15,GH 4,31.256147,75.705593,38.06,Hostel
2025-11-15,GH 5,31.253345,75.701441,35.9,Hostel
2025-11-15,GH 6,31.253894,75.701453,15.71,Hostel
2025-11-15,Block 25,31.252766935323233,75.70247007647266,27.77,Academic
2025-11-15,Block 26,31.25251262043042,75.70288890163525,37.49,Academic
2025-11-15,Block 27,31.25262304671798,75.70329206978182,36.54,Academic
2025-11-15,Block 28,31.252596276720727,75.7037813515131,35.33,Academic
2025-11-15,Block 29,31.252562116406462,75.70411583579198,38.92,Academic
2025-11-15,Block 30,31.252571645141806,75.70455889610352,11.02,Academic
2025-11-15,Block 31,31.252702665155137,75.7049295063012,18.26,Academic
2025-11-15,Block 32,31.25216502650298,75.70479171190456,12.09,Academic
2025-11-15,Block 33,31.251433721346658,75.70482876400567,39.69,Academic
2025-11-15,Block 34,31.251507960320698,75.70420351952421,2.02,Academic
2025-11-15,UniMall,31.25571794879689,75.70553427963397,50.61,Default
2025-11-15,Oven Express (Main FC),31.257670255968534,75.7078325176423,58.37,Food Court
2025-11-15,Food Court 1,31.25071137449487,75.70009168116188,81.07,Food Court
2025-11-15,Food Court 2,31.24912804468433,75.69950557836073,100.0,Food Court
2025-11-15,Food Court 3,31.249114785500492,75.70177503332981,45.44,Food Court
2025-11-15,Food Court 4,31.252365144929435,75.7019262975906,87.66,Food Court
2025-11-15,Food Court 5,31.250888320767253,75.70475685420077,56.77,Food Court
2025-11-15,Food Court 6,31.255250658751176,75.70326922923269,78.83,Food Court
2025-11-15,Food Court 7,31.247164525086042,75.70462982835663,91.54,Food Court
2025-11-15,Robo Park,31.253253426235908,75.70323783622219,28.08,Park
2025-11-15,Dildo Park,31.258042979879235,75.70734165487251,47.93,Park
2025-11-15,BH 1 Ground,31.251164654273417,75.69910443978571,66.5,Hostel
2025-11-15,BH 6 Cricket Ground,31.247864304246278,75.70102606171987,35.41,Hostel
2025-11-16,BH 1,31.251131,75.700444,30.23,Hostel
2025-11-16,BH 2,31.249572,75.701215,29.25,Hostel
2025-11-16,BH 3,31.249341,75.700326,31.47,Hostel
2025-11-16,BH 4,31.248807,75.69945,36.47,Hostel
2025-11-16,BH 5,31.248429,75.703425,70.54,Hostel
2025-11-16,BH 6,31.24773,75.703284,52.01,Hostel
2025-11-16,BH 7,31.249587,75.698453,60.15,Hostel
2025-11-16,BH 9,31.248997,75.707221,13.59,Hostel
2025-11-16,GH 1,31.25698,75.705917,62.3,Hostel
2025-11-16,GH 2,31.256576349156013,75.70600305197192,33.1,Hostel
2025-11-16,GH 3,31.256247,75.705907,40.86,Hostel
2025-11-16,GH 4,31.256147,75.705593,81.28,Hostel
2025-11-16,GH 5,31.253345,75.701441,37.57,Hostel
2025-11-16,GH 6,31.253894,75.701453,70.35,Hostel
2025-11-16,Block 25,31.252766935323233,75.70247007647266,37.41,Academic
2025-11-16,Block 26,31.25251262043042,75.70288890163525,30.82,Academic
2025-11-16,Block 27,31.25262304671798,75.70329206978182,18.89,Academic
2025-11-16,Block 28,31.252596276720727,75.7037813515131,46.51,Academic
2025-11-16,Block 29,31.252562116406462,75.70411583579198,23.83,Academic
2025-11-16,Block 30,31.252571645141806,75.70455889610352,23.69,Academic
2025-11-16,Block 31,31.252702665155137,75.7049295063012,47.58,Academic
2025-11-16,Block 32,31.25216502650298,75.70479171190456,14.98,Academic
2025-11-16,Block 33,31.251433721346658,75.70482876400567,33.33,Academic
2025-11-16,Block 34,31.251507960320698,75.70420351952421,20.8,Academic
2025-11-16,UniMall,31.25571794879689,75.70553427963397,33.76,Default
2025-11-16,Oven Express (Main FC),31.257670255968534,75.7078325176423,99.43,Food Court
2025-11-16,Food Court 1,31.25071137449487,75.70009168116188,58.12,Food Court
2025-11-16,Food Court 2,31.24912804468433,75.69950557836073,15.69,Food Court
2025-11-16,Food Court 3,31.249114785500492,75.70177503332981,78.13,Food Court
2025-11-16,Food Court 4,31.252365144929435,75.7019262975906,71.22,Food Court
2025-11-16,Food Court 5,31.250888320767253,75.70475685420077,73.43,Food Court
2025-11-16,Food Court 6,31.255250658751176,75.70326922923269,75.26,Food Court
2025-11-16,Food Court 7,31.247164525086042,75.70462982835663,100.0,Food Court
2025-11-16,Robo Park,31.253253426235908,75.70323783622219,18.8,Park
2025-11-16,Dildo Park,31.258042979879235,75.70734165487251,45.7,Park
2025-11-16,BH 1 Ground,31.251164654273417,75.69910443978571,42.21,Hostel
2025-11-16,BH 6 Cricket Ground,31.247864304246278,75.70102606171987,49.36,Hostel
2025-11-17,BH 1,31.251131,75.700444,48.36,Hostel
2025-11-17,BH 2,31.249572,75.701215,66.75,Hostel
2025-11-17,BH 3,31.249341,75.700326,34.09,Hostel
2025-11-17,BH 4,31.248807,75.69945,35.99,Hostel
2025-11-17,BH 5,31.248429,75.703425,53.3,Hostel
2025-11-17,BH 6,31.24773,75.703284,65.75,Hostel
2025-11-17,BH 7,31.249587,75.698453,51.86,Hostel
2025-11-17,BH 9,31.248997,75.707221,50.26,Hostel
2025-11-17,GH 1,31.25698,75.705917,82.5,Hostel
2025-11-17,GH 2,31.256576349156013,75.70600305197192,64.24,Hostel
2025-11-17,GH 3,31.256247,75.705907,52.17,Hostel
2025-11-17,GH 4,31.256147,75.705593,61.86,Hostel
2025-11-17,GH 5,31.253345,75.701441,19.76,Hostel
2025-11-17,GH 6,31.253894,75.701453,75.35,Hostel
2025-11-17,Block 25,31.252766935323233,75.70247007647266,16.08,Academic
2025-11-17,Block 26,31.25251262043042,75.70288890163525,30.53,Academic
2025-11-17,Block 27,31.25262304671798,75.70329206978182,24.42,Academic
2025-11-17,Block 28,31.252596276720727,75.7037813515131,43.34,Academic
2025-11-17,Block 29,31.252562116406462,75.70411583579198,28.11,Academic
2025-11-17,Block 30,31.252571645141806,75.70455889610352,25.19,Academic
2025-11-17,Block 31,31.252702665155137,75.7049295063012,7.55,Academic
2025-11-17,Block 32,31.25216502650298,75.70479171190456,31.65,Academic
2025-11-17,Block 33,31.251433721346658,75.70482876400567,29.67,Academic
2025-11-17,Block 34,31.251507960320698,75.70420351952421,16.89,Academic
2025-11-17,UniMall,31.25571794879689,75.70553427963397,34.64,Default
2025-11-17,Oven Express (Main FC),31.257670255968534,75.7078325176423,100.0,Food Court
2025-11-17,Food Court 1,31.25071137449487,75.70009168116188,100.0,Food Court
2025-11-17,Food Court 2,31.24912804468433,75.69950557836073,100.0,Food Court
2025-11-17,Food Court 3,31.249114785500492,75.70177503332981,39.58,Food Court
2025-11-17,Food Court 4,31.252365144929435,75.7019262975906,68.83,Food Court
2025-11-17,Food Court 5,31.250888320767253,75.70475685420077,100.0,Food Court
2025-11-17,Food Court 6,31.255250658751176,75.70326922923269,88.33,Food Court
2025-11-17,Food Court 7,31.247164525086042,75.70462982835663,88.95,Food Court
2025-11-17,Robo Park,31.253253426235908,75.70323783622219,41.85,Park
2025-11-17,Dildo Park,31.258042979879235,75.70734165487251,59.65,Park
2025-11-17,BH 1 Ground,31.251164654273417,75.69910443978571,44.64,Hostel
2025-11-17,BH 6 Cricket Ground,31.247864304246278,75.70102606171987,74.35,Hostel
2025-11-18,BH 1,31.251131,75.700444,24.85,Hostel
2025-11-18,BH 2,31.249572,75.701215,58.45,Hostel
2025-11-18,BH 3,31.249341,75.700326,56.4,Hostel
2025-11-18,BH 4,31.248807,75.69945,59.47,Hostel
2025-11-18,BH 5,31.248429,75.703425,34.54,Hostel
2025-11-18,BH 6,31.24773,75.703284,65.12,Hostel
2025-11-18,BH 7,31.249587,75.698453,62.83,Hostel
2025-11-18,BH 9,31.248997,75.707221,53.26,Hostel
2025-11-18,GH 1,31.25698,75.705917,30.77,Hostel
2025-11-18,GH 2,31.256576349156013,75.70600305197192,50.37,Hostel
2025-11-18,GH 3,31.256247,75.705907,44.19,Hostel
2025-11-18,GH 4,31.256147,75.705593,40.57,Hostel
2025-11-18,GH 5,31.253345,75.701441,35.71,Hostel
2025-11-18,GH 6,31.253894,75.701453,32.99,Hostel
2025-11-18,Block 25,31.252766935323233,75.70247007647266,15.31,Academic
2025-11-18,Block 26,31.25251262043042,75.70288890163525,38.44,Academic
2025-11-18,Block 27,31.25262304671798,75.70329206978182,33.02,Academic
2025-11-18,Block 28,31.252596276720727,75.7037813515131,39.34,Academic
2025-11-18,Block 29,31.252562116406462,75.70411583579198,11.17,Academic
2025-11-18,Block 30,31.252571645141806,75.70455889610352,21.53,Academic
2025-11-18,Block 31,31.252702665155137,75.7049295063012,27.92,Academic
2025-11-18,Block 32,31.25216502650298,75.70479171190456,40.46,Academic
2025-11-18,Block 33,31.251433721346658,75.70482876400567,33.81,Academic
2025-11-18,Block 34,31.251507960320698,75.70420351952421,28.83,Academic
2025-11-18,UniMall,31.25571794879689,75.70553427963397,37.52,Default
2025-11-18,Oven Express (Main FC),31.257670255968534,75.7078325176423,100.0,Food Court
2025-11-18,Food Court 1,31.25071137449487,75.70009168116188,47.04,Food Court
2025-11-18,Food Court 2,31.24912804468433,75.69950557836073,88.23,Food Court
2025-11-18,Food Court 3,31.249114785500492,75.70177503332981,64.46,Food Court
2025-11-18,Food Court 4,31.252365144929435,75.7019262975906,95.4,Food Court
2025-11-18,Food Court 5,31.250888320767253,75.70475685420077,80.55,Food Court
2025-11-18,Food Court 6,31.255250658751176,75.70326922923269,100.0,Food Court
2025-11-18,Food Court 7,31.247164525086042,75.70462982835663,63.61,Food Court
2025-11-18,Robo Park,31.253253426235908,75.70323783622219,60.79,Park
2025-11-18,Dildo Park,31.258042979879235,75.70734165487251,25.33,Park
2025-11-18,BH 1 Ground,31.251164654273417,75.69910443978571,64.7,Hostel
2025-11-18,BH 6 Cricket Ground,31.247864304246278,75.70102606171987,33.93,Hostel
2025-11-19,BH 1,31.251131,75.700444,47.85,Hostel
2025-11-19,BH 2,31.249572,75.701215,49.98,Hostel
2025-11-19,BH 3,31.249341,75.700326,30.41,Hostel
2025-11-19,BH 4,31.248807,75.69945,58.29,Hostel
2025-11-19,BH 5,31.248429,75.703425,66.9,Hostel
2025-11-19,BH 6,31.24773,75.703284,40.52,Hostel
2025-11-19,BH 7,31.249587,75.698453,54.11,Hostel
2025-11-19,BH 9,31.248997,75.707221,71.6,Hostel
2025-11-19,GH 1,31.25698,75.705917,46.66,Hostel
2025-11-19,GH 2,31.256576349156013,75.70600305197192,63.09,Hostel
2025-11-19,GH 3,31.256247,75.705907,33.18,Hostel
2025-11-19,GH 4,31.256147,75.705593,75.29,Hostel
2025-11-19,GH 5,31.253345,75.701441,53.92,Hostel
2025-11-19,GH 6,31.253894,75.701453,49.68,Hostel
2025-11-19,Block 25,31.252766935323233,75.70247007647266,37.79,Academic
2025-11-19,Block 26,31.25251262043042,75.70288890163525,19.96,Academic
2025-11-19,Block 27,31.25262304671798,75.70329206978182,14.89,Academic
2025-11-19,Block 28,31.252596276720727,75.7037813515131,32.89,Academic
2025-11-19,Block 29,31.252562116406462,75.70411583579198,48.28,Academic
2025-11-19,Block 30,31.252571645141806,75.70455889610352,29.15,Academic
2025-11-19,Block 31,31.252702665155137,75.7049295063012,43.57,Academic
2025-11-19,Block 32,31.25216502650298,75.70479171190456,21.49,Academic
2025-11-19,Block 33,31.251433721346658,75.70482876400567,26.29,Academic
2025-11-19,Block 34,31.251507960320698,75.70420351952421,32.32,Academic
2025-11-19,UniMall,31.25571794879689,75.70553427963397,38.07,Default
2025-11-19,Oven Express (Main FC),31.257670255968534,75.7078325176423,84.1,Food Court
2025-11-19,Food Court 1,31.25071137449487,75.70009168116188,73.39,Food Court
2025-11-19,Food Court 2,31.24912804468433,75.69950557836073,100.0,Food Court
2025-11-19,Food Court 3,31.249114785500492,75.70177503332981,87.99,Food Court
2025-11-19,Food Court 4,31.252365144929435,75.7019262975906,56.31,Food Court
2025-11-19,Food Court 5,31.250888320767253,75.70475685420077,60.59,Food Court
2025-11-19,Food Court 6,31.255250658751176,75.70326922923269,100.0,Food Court
2025-11-19,Food Court 7,31.247164525086042,75.70462982835663,71.49,Food Court
2025-11-19,Robo Park,31.253253426235908,75.70323783622219,59.55,Park
2025-11-19,Dildo Park,31.258042979879235,75.70734165487251,53.21,Park
2025-11-19,BH 1 Ground,31.251164654273417,75.69910443978571,39.3,Hostel
2025-11-19,BH 6 Cricket Ground,31.247864304246278,75.70102606171987,11.64,Hostel
2025-11-20,BH 1,31.251131,75.700444,41.3,Hostel
2025-11-20,BH 2,31.249572,75.701215,37.57,Hostel
2025-11-20,BH 3,31.249341,75.700326,16.03,Hostel
2025-11-20,BH 4,31.248807,75.69945,30.23,Hostel
2025-11-20,BH 5,31.248429,75.703425,47.93,Hostel
2025-11-20,BH 6,31.24773,75.703284,90.68,Hostel
2025-11-20,BH 7,31.249587,75.698453,86.53,Hostel
2025-11-20,BH 9,31.248997,75.707221,67.15,Hostel
2025-11-20,GH 1,31.25698,75.705917,33.57,Hostel
2025-11-20,GH 2,31.256576349156013,75.70600305197192,39.4,Hostel
2025-11-20,GH 3,31.256247,75.705907,8.18,Hostel
2025-11-20,GH 4,31.256147,75.705593,65.64,Hostel
2025-11-20,GH 5,31.253345,75.701441,46.03,Hostel
2025-11-20,GH 6,31.253894,75.701453,32.77,Hostel
2025-11-20,Block 25,31.252766935323233,75.70247007647266,36.27,Academic
2025-11-20,Block 26,31.25251262043042,75.70288890163525,34.16,Academic
2025-11-20,Block 27,31.25262304671798,75.70329206978182,25.88,Academic
2025-11-20,Block 28,31.252596276720727,75.7037813515131,18.44,Academic
2025-11-20,Block 29,31.252562116406462,75.70411583579198,26.16,Academic
2025-11-20,Block 30,31.252571645141806,75.70455889610352,33.47,Academic
2025-11-20,Block 31,31.252702665155137,75.7049295063012,19.96,Academic
2025-11-20,Block 32,31.25216502650298,75.70479171190456,37.65,Academic
2025-11-20,Block 33,31.251433721346658,75.70482876400567,31.59,Academic
2025-11-20,Block 34,31.251507960320698,75.70420351952421,32.86,Academic
2025-11-20,UniMall,31.25571794879689,75.70553427963397,23.32,Default
2025-11-20,Oven Express (Main FC),31.257670255968534,75.7078325176423,24.28,Food Court
2025-11-20,Food Court 1,31.25071137449487,75.70009168116188,100.0,Food Court
2025-11-20,Food Court 2,31.24912804468433,75.69950557836073,81.91,Food Court
2025-11-20,Food Court 3,31.249114785500492,75.70177503332981,36.8,Food Court
2025-11-20,Food Court 4,31.252365144929435,75.7019262975906,60.44,Food Court
2025-11-20,Food Court 5,31.250888320767253,75.70475685420077,100.0,Food Court
2025-11-20,Food Court 6,31.255250658751176,75.70326922923269,100.0,Food Court
2025-11-20,Food Court 7,31.247164525086042,75.70462982835663,92.58,Food Court
2025-11-20,Robo Park,31.253253426235908,75.70323783622219,30.04,Park
2025-11-20,Dildo Park,31.258042979879235,75.70734165487251,67.42,Park
2025-11-20,BH 1 Ground,31.251164654273417,75.69910443978571,64.41,Hostel
2025-11-20,BH 6 Cricket Ground,31.247864304246278,75.70102606171987,24.88,Hostel
2025-11-21,BH 1,31.251131,75.700444,47.15,Hostel
2025-11-21,BH 2,31.249572,75.701215,49.23,Hostel
2025-11-21,BH 3,31.249341,75.700326,48.29,Hostel
2025-11-21,BH 4,31.248807,75.69945,48.98,Hostel
2025-11-21,BH 5,31.248429,75.703425,67.9,Hostel
2025-11-21,BH 6,31.24773,75.703284,83.2,Hostel
2025-11-21,BH 7,31.249587,75.698453,60.11,Hostel
2025-11-21,BH 9,31.248997,75.707221,56.5,Hostel
2025-11-21,GH 1,31.25698,75.705917,65.29,Hostel
2025-11-21,GH 2,31.256576349156013,75.70600305197192,59.08,Hostel
2025-11-21,GH 3,31.256247,75.705907,55.72,Hostel
2025-11-21,GH 4,31.256147,75.705593,85.33,Hostel
2025-11-21,GH 5,31.253345,75.701441,59.19,Hostel
2025-11-21,GH 6,31.253894,75.701453,22.38,Hostel
2025-11-21,Block 25,31.252766935323233,75.70247007647266,34.15,Academic
2025-11-21,Block 26,31.25251262043042,75.70288890163525,34.45,Academic
2025-11-21,Block 27,31.25262304671798,75.70329206978182,15.66,Academic
2025-11-21,Block 28,31.252596276720727,75.7037813515131,33.92,Academic
2025-11-21,Block 29,31.252562116406462,75.70411583579198,31.83,Academic
2025-11-21,Block 30,31.252571645141806,75.70455889610352,27.69,Academic
2025-11-21,Block 31,31.252702665155137,75.7049295063012,13.88,Academic
2025-11-21,Block 32,31.25216502650298,75.70479171190456,33.64,Academic
2025-11-21,Block 33,31.251433721346658,75.70482876400567,15.06,Academic
2025-11-21,Block 34,31.251507960320698,75.70420351952421,14.42,Academic
2025-11-21,UniMall,31.25571794879689,75.70553427963397,14.96,Default
2025-11-21,Oven Express (Main FC),31.257670255968534,75.7078325176423,100.0,Food Court
2025-11-21,Food Court 1,31.25071137449487,75.70009168116188,72.79,Food Court
2025-11-21,Food Court 2,31.24912804468433,75.69950557836073,100.0,Food Court
2025-11-21,Food Court 3,31.249114785500492,75.70177503332981,38.35,Food Court
2025-11-21,Food Court 4,31.252365144929435,75.7019262975906,87.62,Food Court
2025-11-21,Food Court 5,31.250888320767253,75.70475685420077,56.19,Food Court
2025-11-21,Food Court 6,31.255250658751176,75.70326922923269,83.47,Food Court
2025-11-21,Food Court 7,31.247164525086042,75.70462982835663,69.03,Food Court
2025-11-21,Robo Park,31.253253426235908,75.70323783622219,45.83,Park
2025-11-21,Dildo Park,31.258042979879235,75.70734165487251,47.53,Park
2025-11-21,BH 1 Ground,31.251164654273417,75.69910443978571,49.53,Hostel
2025-11-21,BH 6 Cricket Ground,31.247864304246278,75.70102606171987,0.0,Hostel
2025-11-22,BH 1,31.251131,75.700444,53.94,Hostel
2025-11-22,BH 2,31.249572,75.701215,36.38,Hostel
2025-11-22,BH 3,31.249341,75.700326,45.42,Hostel
2025-11-22,BH 4,31.248807,75.69945,77.66,Hostel
2025-11-22,BH 5,31.248429,75.703425,57.32,Hostel
2025-11-22,BH 6,31.24773,75.703284,86.17,Hostel
2025-11-22,BH 7,31.249587,75.698453,71.5,Hostel
2025-11-22,BH 9,31.248997,75.707221,73.96,Hostel
2025-11-22,GH 1,31.25698,75.705917,37.95,Hostel
2025-11-22,GH 2,31.256576349156013,75.70600305197192,35.29,Hostel
2025-11-22,GH 3,31.256247,75.705907,27.56,Hostel
2025-11-22,GH 4,31.256147,75.705593,51.0,Hostel
2025-11-22,GH 5,31.253345,75.701441,52.77,Hostel
2025-11-22,GH 6,31.253894,75.701453,56.87,Hostel
2025-11-22,Block 25,31.252766935323233,75.70247007647266,35.91,Academic
2025-11-22,Block 26,31.25251262043042,75.70288890163525,38.69,Academic
2025-11-22,Block 27,31.25262304671798,75.70329206978182,35.12,Academic
2025-11-22,Block 28,31.252596276720727,75.7037813515131,36.64,Academic
2025-11-22,Block 29,31.252562116406462,75.70411583579198,34.15,Academic
2025-11-22,Block 30,31.252571645141806,75.70455889610352,36.49,Academic
2025-11-22,Block 31,31.252702665155137,75.7049295063012,26.27,Academic
2025-11-22,Block 32,31.25216502650298,75.70479171190456,14.55,Academic
2025-11-22,Block 33,31.251433721346658,75.70482876400567,17.67,Academic
2025-11-22,Block 34,31.251507960320698,75.70420351952421,40.72,Academic
2025-11-22,UniMall,31.25571794879689,75.70553427963397,36.45,Default
2025-11-22,Oven Express (Main FC),31.257670255968534,75.7078325176423,100.0,Food Court
2025-11-22,Food Court 1,31.25071137449487,75.70009168116188,100.0,Food Court
2025-11-22,Food Court 2,31.24912804468433,75.69950557836073,47.74,Food Court
2025-11-22,Food Court 3,31.249114785500492,75.70177503332981,100.0,Food Court
2025-11-22,Food Court 4,31.252365144929435,75.7019262975906,95.33,Food Court
2025-11-22,Food Court 5,31.250888320767253,75.70475685420077,100.0,Food Court
2025-11-22,Food Court 6,31.255250658751176,75.70326922923269,61.88,Food Court
2025-11-22,Food Court 7,31.247164525086042,75.70462982835663,100.0,Food Court
2025-11-22,Robo Park,31.253253426235908,75.70323783622219,54.82,Park
2025-11-22,Dildo Park,31.258042979879235,75.70734165487251,31.77,Park
2025-11-22,BH 1 Ground,31.251164654273417,75.69910443978571,88.0,Hostel
2025-11-22,BH 6 Cricket Ground,31.247864304246278,75.70102606171987,53.21,Hostel
2025-11-23,BH 1,31.251131,75.700444,57.0,Hostel
2025-11-23,BH 2,31.249572,75.701215,49.2,Hostel
2025-11-23,BH 3,31.249341,75.700326,99.0,Hostel
2025-11-23,BH 4,31.248807,75.69945,61.96,Hostel
2025-11-23,BH 5,31.248429,75.703425,66.26,Hostel
2025-11-23,BH 6,31.24773,75.703284,45.33,Hostel
2025-11-23,BH 7,31.249587,75.698453,58.35,Hostel
2025-11-23,BH 9,31.248997,75.707221,61.05,Hostel
2025-11-23,GH 1,31.25698,75.705917,72.56,Hostel
2025-11-23,GH 2,31.256576349156013,75.70600305197192,73.86,Hostel
2025-11-23,GH 3,31.256247,75.705907,19.31,Hostel
2025-11-23,GH 4,31.256147,75.705593,46.06,Hostel
2025-11-23,GH 5,31.253345,75.701441,87.96,Hostel
2025-11-23,GH 6,31.253894,75.701453,46.09,Hostel
2025-11-23,Block 25,31.252766935323233,75.70247007647266,37.85,Academic
2025-11-23,Block 26,31.25251262043042,75.70288890163525,41.17,Academic
2025-11-23,Block 27,31.25262304671798,75.70329206978182,41.6,Academic
2025-11-23,Block 28,31.252596276720727,75.7037813515131,19.74,Academic
2025-11-23,Block 29,31.252562116406462,75.70411583579198,13.25,Academic
2025-11-23,Block 30,31.252571645141806,75.70455889610352,42.34,Academic
2025-11-23,Block 31,31.252702665155137,75.7049295063012,30.79,Academic
2025-11-23,Block 32,31.25216502650298,75.70479171190456,28.74,Academic
2025-11-23,Block 33,31.251433721346658,75.70482876400567,24.77,Academic
2025-11-23,Block 34,31.251507960320698,75.70420351952421,40.64,Academic
2025-11-23,UniMall,31.25571794879689,75.70553427963397,47.25,Default
2025-11-23,Oven Express (Main FC),31.257670255968534,75.7078325176423,84.14,Food Court
2025-11-23,Food Court 1,31.25071137449487,75.70009168116188,44.72,Food Court
2025-11-23,Food Court 2,31.24912804468433,75.69950557836073,67.45,Food Court
2025-11-23,Food Court 3,31.249114785500492,75.70177503332981,80.37,Food Court
2025-11-23,Food Court 4,31.252365144929435,75.7019262975906,66.01,Food Court
2025-11-23,Food Court 5,31.250888320767253,75.70475685420077,83.9,Food Court
2025-11-23,Food Court 6,31.255250658751176,75.70326922923269,81.57,Food Court
2025-11-23,Food Court 7,31.247164525086042,75.70462982835663,100.0,Food Court
2025-11-23,Robo Park,31.253253426235908,75.70323783622219,6.21,Park
2025-11-23,Dildo Park,31.258042979879235,75.70734165487251,42.12,Park
2025-11-23,BH 1 Ground,31.251164654273417,75.69910443978571,80.0,Hostel
2025-11-23,BH 6 Cricket Ground,31.247864304246278,75.70102606171987,47.17,Hostel
2025-11-24,BH 1,31.251131,75.700444,46.54,Hostel
2025-11-24,BH 2,31.249572,75.701215,32.66,Hostel
2025-11-24,BH 3,31.249341,75.700326,18.1,Hostel
2025-11-24,BH 4,31.248807,75.69945,40.18,Hostel
2025-11-24,BH 5,31.248429,75.703425,57.26,Hostel
2025-11-24,BH 6,31.24773,75.703284,54.57,Hostel
2025-11-24,BH 7,31.249587,75.698453,77.29,Hostel
2025-11-24,BH 9,31.248997,75.707221,45.39,Hostel
2025-11-24,GH 1,31.25698,75.705917,4.98,Hostel
2025-11-24,GH 2,31.256576349156013,75.70600305197192,24.21,Hostel
2025-11-24,GH 3,31.256247,75.705907,49.6,Hostel
2025-11-24,GH 4,31.256147,75.705593,79.55,Hostel
2025-11-24,GH 5,31.253345,75.701441,82.68,Hostel
2025-11-24,GH 6,31.253894,75.701453,61.54,Hostel
2025-11-24,Block 25,31.252766935323233,75.70247007647266,25.91,Academic
2025-11-24,Block 26,31.25251262043042,75.70288890163525,27.05,Academic
2025-11-24,Block 27,31.25262304671798,75.70329206978182,22.55,Academic
2025-11-24,Block 28,31.252596276720727,75.7037813515131,43.94,Academic
2025-11-24,Block 29,31.252562116406462,75.70411583579198,39.79,Academic
2025-11-24,Block 30,31.252571645141806,75.70455889610352,20.19,Academic
2025-11-24,Block 31,31.252702665155137,75.7049295063012,33.96,Academic
2025-11-24,Block 32,31.25216502650298,75.70479171190456,36.6,Academic
2025-11-24,Block 33,31.251433721346658,75.70482876400567,30.98,Academic
2025-11-24,Block 34,31.251507960320698,75.70420351952421,37.78,Academic
2025-11-24,UniMall,31.25571794879689,75.70553427963397,6.54,Default
2025-11-24,Oven Express (Main FC),31.257670255968534,75.7078325176423,100.0,Food Court
2025-11-24,Food Court 1,31.25071137449487,75.70009168116188,77.15,Food Court
2025-11-24,Food Court 2,31.24912804468433,75.69950557836073,64.58,Food Court
2025-11-24,Food Court 3,31.249114785500492,75.70177503332981,27.11,Food Court
2025-11-24,Food Court 4,31.252365144929435,75.7019262975906,99.51,Food Court
2025-11-24,Food Court 5,31.250888320767253,75.70475685420077,78.66,Food Court
2025-11-24,Food Court 6,31.255250658751176,75.70326922923269,41.49,Food Court
2025-11-24,Food Court 7,31.247164525086042,75.70462982835663,97.46,Food Court
2025-11-24,Robo Park,31.253253426235908,75.70323783622219,35.57,Park
2025-11-24,Dildo Park,31.258042979879235,75.70734165487251,52.59,Park
2025-11-24,BH 1 Ground,31.251164654273417,75.69910443978571,63.81,Hostel
2025-11-24,BH 6 Cricket Ground,31.247864304246278,75.70102606171987,27.07,Hostel
2025-11-25,BH 1,31.251131,75.700444,60.52,Hostel
2025-11-25,BH 2,31.249572,75.701215,55.86,Hostel
2025-11-25,BH 3,31.249341,75.700326,47.78,Hostel
2025-11-25,BH 4,31.248807,75.69945,71.21,Hostel
2025-11-25,BH 5,31.248429,75.703425,62.6,Hostel
2025-11-25,BH 6,31.24773,75.703284,45.89,Hostel
2025-11-25,BH 7,31.249587,75.698453,33.59,Hostel
2025-11-25,BH 9,31.248997,75.707221,70.38,Hostel
2025-11-25,GH 1,31.25698,75.705917,10.77,Hostel
2025-11-25,GH 2,31.256576349156013,75.70600305197192,32.89,Hostel
2025-11-25,GH 3,31.256247,75.705907,69.63,Hostel
2025-11-25,GH 4,31.256147,75.705593,40.81,Hostel
2025-11-25,GH 5,31.253345,75.701441,5.06,Hostel
2025-11-25,GH 6,31.253894,75.701453,19.84,Hostel
2025-11-25,Block 25,31.252766935323233,75.70247007647266,30.93,Academic
2025-11-25,Block 26,31.25251262043042,75.70288890163525,26.99,Academic
2025-11-25,Block 27,31.25262304671798,75.70329206978182,18.51,Academic
2025-11-25,Block 28,31.252596276720727,75.7037813515131,25.76,Academic
2025-11-25,Block 29,31.252562116406462,75.70411583579198,20.07,Academic
2025-11-25,Block 30,31.252571645141806,75.70455889610352,46.49,Academic
2025-11-25,Block 31,31.252702665155137,75.7049295063012,49.29,Academic
2025-11-25,Block 32,31.25216502650298,75.70479171190456,30.5,Academic
2025-11-25,Block 33,31.251433721346658,75.70482876400567,26.71,Academic
2025-11-25,Block 34,31.251507960320698,75.70420351952421,44.39,Academic
2025-11-25,UniMall,31.25571794879689,75.70553427963397,27.78,Default
2025-11-25,Oven Express (Main FC),31.257670255968534,75.7078325176423,94.01,Food Court
2025-11-25,Food Court 1,31.25071137449487,75.70009168116188,100.0,Food Court
2025-11-25,Food Court 2,31.24912804468433,75.69950557836073,100.0,Food Court
2025-11-25,Food Court 3,31.249114785500492,75.70177503332981,70.5,Food Court
2025-11-25,Food Court 4,31.252365144929435,75.7019262975906,72.43,Food Court
2025-11-25,Food Court 5,31.250888320767253,75.70475685420077,100.0,Food Court
2025-11-25,Food Court 6,31.255250658751176,75.70326922923269,37.1,Food Court
2025-11-25,Food Court 7,31.247164525086042,75.70462982835663,85.13,Food Court
2025-11-25,Robo Park,31.253253426235908,75.70323783622219,48.97,Park
2025-11-25,Dildo Park,31.258042979879235,75.70734165487251,59.4,Park
2025-11-25,BH 1 Ground,31.251164654273417,75.69910443978571,49.75,Hostel
2025-11-25,BH 6 Cricket Ground,31.247864304246278,75.70102606171987,47.2,Hostel
2025-11-26,BH 1,31.251131,75.700444,73.63,Hostel
2025-11-26,BH 2,31.249572,75.701215,74.67,Hostel
2025-11-26,BH 3,31.249341,75.700326,30.55,Hostel
2025-11-26,BH 4,31.248807,75.69945,42.86,Hostel
2025-11-26,BH 5,31.248429,75.703425,72.94,Hostel
2025-11-26,BH 6,31.24773,75.703284,37.92,Hostel
2025-11-26,BH 7,31.249587,75.698453,48.62,Hostel
2025-11-26,BH 9,31.248997,75.707221,9.46,Hostel
2025-11-26,GH 1,31.25698,75.705917,57.7,Hostel
2025-11-26,GH 2,31.256576349156013,75.70600305197192,47.48,Hostel
2025-11-26,GH 3,31.256247,75.705907,72.17,Hostel
2025-11-26,GH 4,31.256147,75.705593,46.83,Hostel
2025-11-26,GH 5,31.253345,75.701441,74.17,Hostel
2025-11-26,GH 6,31.253894,75.701453,48.24,Hostel
2025-11-26,Block 25,31.252766935323233,75.70247007647266,38.11,Academic
2025-11-26,Block 26,31.25251262043042,75.70288890163525,29.34,Academic
2025-11-26,Block 27,31.25262304671798,75.70329206978182,42.76,Academic
2025-11-26,Block 28,31.252596276720727,75.7037813515131,18.37,Academic
2025-11-26,Block 29,31.252562116406462,75.70411583579198,30.3,Academic
2025-11-26,Block 30,31.252571645141806,75.70455889610352,34.55,Academic
2025-11-26,Block 31,31.252702665155137,75.7049295063012,8.73,Academic
2025-11-26,Block 32,31.25216502650298,75.70479171190456,24.02,Academic
2025-11-26,Block 33,31.251433721346658,75.70482876400567,40.9,Academic
2025-11-26,Block 34,31.251507960320698,75.70420351952421,20.91,Academic
2025-11-26,UniMall,31.25571794879689,75.70553427963397,24.65,Default
2025-11-26,Oven Express (Main FC),31.257670255968534,75.7078325176423,100.0,Food Court
2025-11-26,Food Court 1,31.25071137449487,75.70009168116188,100.0,Food Court
2025-11-26,Food Court 2,31.24912804468433,75.69950557836073,86.32,Food Court
2025-11-26,Food Court 3,31.249114785500492,75.70177503332981,100.0,Food Court
2025-11-26,Food Court 4,31.252365144929435,75.7019262975906,92.52,Food Court
2025-11-26,Food Court 5,31.250888320767253,75.70475685420077,55.38,Food Court
2025-11-26,Food Court 6,31.255250658751176,75.70326922923269,97.02,Food Court
2025-11-26,Food Court 7,31.247164525086042,75.70462982835663,22.36,Food Court
2025-11-26,Robo Park,31.253253426235908,75.70323783622219,59.41,Park
2025-11-26,Dildo Park,31.258042979879235,75.70734165487251,47.38,Park
2025-11-26,BH 1 Ground,31.251164654273417,75.69910443978571,76.21,Hostel
2025-11-26,BH 6 Cricket Ground,31.247864304246278,75.70102606171987,99.56,Hostel
2025-11-27,BH 1,31.251131,75.700444,18.89,Hostel
2025-11-27,BH 2,31.249572,75.701215,48.4,Hostel
2025-11-27,BH 3,31.249341,75.700326,48.47,Hostel
2025-11-27,BH 4,31.248807,75.69945,37.39,Hostel
2025-11-27,BH 5,31.248429,75.703425,83.66,Hostel
2025-11-27,BH 6,31.24773,75.703284,19.23,Hostel
2025-11-27,BH 7,31.249587,75.698453,86.07,Hostel
2025-11-27,BH 9,31.248997,75.707221,63.7,Hostel
2025-11-27,GH 1,31.25698,75.705917,41.34,Hostel
2025-11-27,GH 2,31.256576349156013,75.70600305197192,46.17,Hostel
2025-11-27,GH 3,31.256247,75.705907,62.13,Hostel
2025-11-27,GH 4,31.256147,75.705593,27.15,Hostel
2025-11-27,GH 5,31.253345,75.701441,50.15,Hostel
2025-11-27,GH 6,31.253894,75.701453,55.25,Hostel
2025-11-27,Block 25,31.252766935323233,75.70247007647266,28.06,Academic
2025-11-27,Block 26,31.25251262043042,75.70288890163525,37.44,Academic
2025-11-27,Block 27,31.25262304671798,75.70329206978182,33.68,Academic
2025-11-27,Block 28,31.252596276720727,75.7037813515131,30.53,Academic
2025-11-27,Block 29,31.252562116406462,75.70411583579198,46.9,Academic
2025-11-27,Block 30,31.252571645141806,75.70455889610352,35.83,Academic
2025-11-27,Block 31,31.252702665155137,75.7049295063012,41.26,Academic
2025-11-27,Block 32,31.25216502650298,75.70479171190456,33.28,Academic
2025-11-27,Block 33,31.251433721346658,75.70482876400567,32.6,Academic
2025-11-27,Block 34,31.251507960320698,75.70420351952421,32.91,Academic
2025-11-27,UniMall,31.25571794879689,75.70553427963397,28.67,Default
2025-11-27,Oven Express (Main FC),31.257670255968534,75.7078325176423,92.14,Food Court
2025-11-27,Food Court 1,31.25071137449487,75.70009168116188,64.92,Food Court
2025-11-27,Food Court 2,31.24912804468433,75.69950557836073,52.48,Food Court
2025-11-27,Food Court 3,31.249114785500492,75.70177503332981,100.0,Food Court
2025-11-27,Food Court 4,31.252365144929435,75.7019262975906,88.5,Food Court
2025-11-27,Food Court 5,31.250888320767253,75.70475685420077,100.0,Food Court
2025-11-27,Food Court 6,31.255250658751176,75.70326922923269,54.4,Food Court
2025-11-27,Food Court 7,31.247164525086042,75.70462982835663,84.54,Food Court
2025-11-27,Robo Park,31.253253426235908,75.70323783622219,11.22,Park
2025-11-27,Dildo Park,31.258042979879235,75.70734165487251,37.2,Park
2025-11-27,BH 1 Ground,31.251164654273417,75.69910443978571,71.88,Hostel
2025-11-27,BH 6 Cricket Ground,31.247864304246278,75.70102606171987,68.45,Hostel
2025-11-28,BH 1,31.251131,75.700444,41.8,Hostel
2025-11-28,BH 2,31.249572,75.701215,38.48,Hostel
2025-11-28,BH 3,31.249341,75.700326,52.46,Hostel
2025-11-28,BH 4,31.248807,75.69945,68.77,Hostel
2025-11-28,BH 5,31.248429,75.703425,52.72,Hostel
2025-11-28,BH 6,31.24773,75.703284,44.05,Hostel
2025-11-28,BH 7,31.249587,75.698453,94.87,Hostel
2025-11-28,BH 9,31.248997,75.707221,40.85,Hostel
2025-11-28,GH 1,31.25698,75.705917,88.21,Hostel
2025-11-28,GH 2,31.256576349156013,75.70600305197192,44.63,Hostel
2025-11-28,GH 3,31.256247,75.705907,43.8,Hostel
2025-11-28,GH 4,31.256147,75.705593,33.93,Hostel
2025-11-28,GH 5,31.253345,75.701441,53.22,Hostel
2025-11-28,GH 6,31.253894,75.701453,47.04,Hostel
2025-11-28,Block 25,31.252766935323233,75.70247007647266,30.51,Academic
2025-11-28,Block 26,31.25251262043042,75.70288890163525,30.83,Academic
2025-11-28,Block 27,31.25262304671798,75.70329206978182,14.37,Academic
2025-11-28,Block 28,31.252596276720727,75.7037813515131,24.62,Academic
2025-11-28,Block 29,31.252562116406462,75.70411583579198,35.16,Academic
2025-11-28,Block 30,31.252571645141806,75.70455889610352,16.92,Academic
2025-11-28,Block 31,31.252702665155137,75.7049295063012,38.16,Academic
2025-11-28,Block 32,31.25216502650298,75.70479171190456,37.3,Academic
2025-11-28,Block 33,31.251433721346658,75.70482876400567,18.0,Academic
2025-11-28,Block 34,31.251507960320698,75.70420351952421,11.22,Academic
2025-11-28,UniMall,31.25571794879689,75.70553427963397,26.44,Default
2025-11-28,Oven Express (Main FC),31.257670255968534,75.7078325176423,73.51,Food Court
2025-11-28,Food Court 1,31.25071137449487,75.70009168116188,35.76,Food Court
2025-11-28,Food Court 2,31.24912804468433,75.69950557836073,17.09,Food Court
2025-11-28,Food Court 3,31.249114785500492,75.70177503332981,100.0,Food Court
2025-11-28,Food Court 4,31.252365144929435,75.7019262975906,88.43,Food Court
2025-11-28,Food Court 5,31.250888320767253,75.70475685420077,36.43,Food Court
2025-11-28,Food Court 6,31.255250658751176,75.70326922923269,71.37,Food Court
2025-11-28,Food Court 7,31.247164525086042,75.70462982835663,45.95,Food Court
2025-11-28,Robo Park,31.253253426235908,75.70323783622219,34.45,Park
2025-11-28,Dildo Park,31.258042979879235,75.70734165487251,11.75,Park
2025-11-28,BH 1 Ground,31.251164654273417,75.69910443978571,43.7,Hostel
2025-11-28,BH 6 Cricket Ground,31.247864304246278,75.70102606171987,52.04,Hostel
2025-11-29,BH 1,31.251131,75.700444,18.51,Hostel
2025-11-29,BH 2,31.249572,75.701215,58.97,Hostel
2025-11-29,BH 3,31.249341,75.700326,37.25,Hostel
2025-11-29,BH 4,31.248807,75.69945,34.67,Hostel
2025-11-29,BH 5,31.248429,75.703425,52.19,Hostel
2025-11-29,BH 6,31.24773,75.703284,37.56,Hostel
2025-11-29,BH 7,31.249587,75.698453,38.07,Hostel
2025-11-29,BH 9,31.248997,75.707221,53.81,Hostel
2025-11-29,GH 1,31.25698,75.705917,84.95,Hostel
2025-11-29,GH 2,31.256576349156013,75.70600305197192,30.2,Hostel
2025-11-29,GH 3,31.256247,75.705907,69.12,Hostel
2025-11-29,GH 4,31.256147,75.705593,68.73,Hostel
2025-11-29,GH 5,31.253345,75.701441,43.38,Hostel
2025-11-29,GH 6,31.253894,75.701453,3.54,Hostel
2025-11-29,Block 25,31.252766935323233,75.70247007647266,30.34,Academic
2025-11-29,Block 26,31.25251262043042,75.70288890163525,25.68,Academic
2025-11-29,Block 27,31.25262304671798,75.70329206978182,27.15,Academic
2025-11-29,Block 28,31.252596276720727,75.7037813515131,32.93,Academic
2025-11-29,Block 29,31.252562116406462,75.70411583579198,12.69,Academic
2025-11-29,Block 30,31.252571645141806,75.70455889610352,23.71,Academic
2025-11-29,Block 31,31.252702665155137,75.7049295063012,33.75,Academic
2025-11-29,Block 32,31.25216502650298,75.70479171190456,21.05,Academic
2025-11-29,Block 33,31.251433721346658,75.70482876400567,35.36,Academic
2025-11-29,Block 34,31.251507960320698,75.70420351952421,19.24,Academic
2025-11-29,UniMall,31.25571794879689,75.70553427963397,27.03,Default
2025-11-29,Oven Express (Main FC),31.257670255968534,75.7078325176423,46.25,Food Court
2025-11-29,Food Court 1,31.25071137449487,75.70009168116188,70.87,Food Court
2025-11-29,Food Court 2,31.24912804468433,75.69950557836073,45.11,Food Court
2025-11-29,Food Court 3,31.249114785500492,75.70177503332981,89.05,Food Court
2025-11-29,Food Court 4,31.252365144929435,75.7019262975906,95.69,Food Court
2025-11-29,Food Court 5,31.250888320767253,75.70475685420077,68.54,Food Court
2025-11-29,Food Court 6,31.255250658751176,75.70326922923269,100.0,Food Court
2025-11-29,Food Court 7,31.247164525086042,75.70462982835663,100.0,Food Court
2025-11-29,Robo Park,31.253253426235908,75.70323783622219,44.96,Park
2025-11-29,Dildo Park,31.258042979879235,75.70734165487251,33.07,Park
2025-11-29,BH 1 Ground,31.251164654273417,75.69910443978571,69.76,Hostel
2025-11-29,BH 6 Cricket Ground,31.247864304246278,75.70102606171987,67.36,Hostel
2025-11-30,BH 1,31.251131,75.700444,29.97,Hostel
2025-11-30,BH 2,31.249572,75.701215,75.41,Hostel
2025-11-30,BH 3,31.249341,75.700326,100.0,Hostel
2025-11-30,BH 4,31.248807,75.69945,58.31,Hostel
2025-11-30,BH 5,31.248429,75.703425,66.02,Hostel
2025-11-30,BH 6,31.24773,75.703284,73.73,Hostel
2025-11-30,BH 7,31.249587,75.698453,29.41,Hostel
2025-11-30,BH 9,31.248997,75.707221,64.41,Hostel
2025-11-30,GH 1,31.25698,75.705917,48.23,Hostel
2025-11-30,GH 2,31.256576349156013,75.70600305197192,27.55,Hostel
2025-11-30,GH 3,31.256247,75.705907,41.1,Hostel
2025-11-30,GH 4,31.256147,75.705593,57.13,Hostel
2025-11-30,GH 5,31.253345,75.701441,57.76,Hostel
2025-11-30,GH 6,31.253894,75.701453,33.85,Hostel
2025-11-30,Block 25,31.252766935323233,75.70247007647266,26.5,Academic
2025-11-30,Block 26,31.25251262043042,75.70288890163525,26.4,Academic
2025-11-30,Block 27,31.25262304671798,75.70329206978182,25.93,Academic
2025-11-30,Block 28,31.252596276720727,75.7037813515131,43.15,Academic
2025-11-30,Block 29,31.252562116406462,75.70411583579198,19.72,Academic
2025-11-30,Block 30,31.252571645141806,75.70455889610352,23.9,Academic
2025-11-30,Block 31,31.252702665155137,75.7049295063012,35.56,Academic
2025-11-30,Block 32,31.25216502650298,75.70479171190456,29.16,Academic
2025-11-30,Block 33,31.251433721346658,75.70482876400567,16.82,Academic
2025-11-30,Block 34,31.251507960320698,75.70420351952421,29.83,Academic
2025-11-30,UniMall,31.25571794879689,75.70553427963397,31.25,Default
2025-11-30,Oven Express (Main FC),31.257670255968534,75.7078325176423,10.48,Food Court
2025-11-30,Food Court 1,31.25071137449487,75.70009168116188,76.98,Food Court
2025-11-30,Food Court 2,31.24912804468433,75.69950557836073,36.69,Food Court
2025-11-30,Food Court 3,31.249114785500492,75.70177503332981,81.59,Food Court
2025-11-30,Food Court 4,31.252365144929435,75.7019262975906,84.88,Food Court
2025-11-30,Food Court 5,31.250888320767253,75.70475685420077,54.84,Food Court
2025-11-30,Food Court 6,31.255250658751176,75.70326922923269,82.57,Food Court
2025-11-30,Food Court 7,31.247164525086042,75.70462982835663,100.0,Food Court
2025-11-30,Robo Park,31.253253426235908,75.70323783622219,5.51,Park
2025-11-30,Dildo Park,31.258042979879235,75.70734165487251,24.08,Park
2025-11-30,BH 1 Ground,31.251164654273417,75.69910443978571,60.58,Hostel
2025-11-30,BH 6 Cricket Ground,31.247864304246278,75.70102606171987,63.88,Hostel
2025-12-01,BH 1,31.251131,75.700444,78.79,Hostel
2025-12-01,BH 2,31.249572,75.701215,23.4,Hostel
2025-12-01,BH 3,31.249341,75.700326,38.66,Hostel
2025-12-01,BH 4,31.248807,75.69945,25.7,Hostel
2025-12-01,BH 5,31.248429,75.703425,56.25,Hostel
2025-12-01,BH 6,31.24773,75.703284,51.36,Hostel
2025-12-01,BH 7,31.249587,75.698453,23.66,Hostel
2025-12-01,BH 9,31.248997,75.707221,74.97,Hostel
2025-12-01,GH 1,31.25698,75.705917,46.37,Hostel
2025-12-01,GH 2,31.256576349156013,75.70600305197192,58.84,Hostel
2025-12-01,GH 3,31.256247,75.705907,64.67,Hostel
2025-12-01,GH 4,31.256147,75.705593,37.0,Hostel
2025-12-01,GH 5,31.253345,75.701441,48.88,Hostel
2025-12-01,GH 6,31.253894,75.701453,21.48,Hostel
2025-12-01,Block 25,31.252766935323233,75.70247007647266,34.62,Academic
2025-12-01,Block 26,31.25251262043042,75.70288890163525,40.73,Academic
2025-12-01,Block 27,31.25262304671798,75.70329206978182,37.62,Academic
2025-12-01,Block 28,31.252596276720727,75.7037813515131,46.76,Academic
2025-12-01,Block 29,31.252562116406462,75.70411583579198,19.34,Academic
2025-12-01,Block 30,31.252571645141806,75.70455889610352,17.99,Academic
2025-12-01,Block 31,31.252702665155137,75.7049295063012,32.46,Academic
2025-12-01,Block 32,31.25216502650298,75.70479171190456,31.39,Academic
2025-12-01,Block 33,31.251433721346658,75.70482876400567,29.14,Academic
2025-12-01,Block 34,31.251507960320698,75.70420351952421,42.73,Academic
2025-12-01,UniMall,31.25571794879689,75.70553427963397,25.41,Default
2025-12-01,Oven Express (Main FC),31.257670255968534,75.7078325176423,87.9,Food Court
2025-12-01,Food Court 1,31.25071137449487,75.70009168116188,49.07,Food Court
2025-12-01,Food Court 2,31.24912804468433,75.69950557836073,62.18,Food Court
2025-12-01,Food Court 3,31.249114785500492,75.70177503332981,93.48,Food Court
2025-12-01,Food Court 4,31.252365144929435,75.7019262975906,80.3,Food Court
2025-12-01,Food Court 5,31.250888320767253,75.70475685420077,71.85,Food Court
2025-12-01,Food Court 6,31.255250658751176,75.70326922923269,80.3,Food Court
2025-12-01,Food Court 7,31.247164525086042,75.70462982835663,100.0,Food Court
2025-12-01,Robo Park,31.253253426235908,75.70323783622219,49.83,Park
2025-12-01,Dildo Park,31.258042979879235,75.70734165487251,48.61,Park
2025-12-01,BH 1 Ground,31.251164654273417,75.69910443978571,53.01,Hostel
2025-12-01,BH 6 Cricket Ground,31.247864304246278,75.70102606171987,50.68,Hostel
2025-12-02,BH 1,31.251131,75.700444,54.9,Hostel
2025-12-02,BH 2,31.249572,75.701215,25.79,Hostel
2025-12-02,BH 3,31.249341,75.700326,43.23,Hostel
2025-12-02,BH 4,31.248807,75.69945,48.21,Hostel
2025-12-02,BH 5,31.248429,75.703425,21.13,Hostel
2025-12-02,BH 6,31.24773,75.703284,27.3,Hostel
2025-12-02,BH 7,31.249587,75.698453,39.49,Hostel
2025-12-02,BH 9,31.248997,75.707221,54.94,Hostel
2025-12-02,GH 1,31.25698,75.705917,89.49,Hostel
2025-12-02,GH 2,31.256576349156013,75.70600305197192,49.06,Hostel
2025-12-02,GH 3,31.256247,75.705907,67.53,Hostel
2025-12-02,GH 4,31.256147,75.705593,54.15,Hostel
2025-12-02,GH 5,31.253345,75.701441,37.31,Hostel
2025-12-02,GH 6,31.253894,75.701453,46.53,Hostel
2025-12-02,Block 25,31.252766935323233,75.70247007647266,40.48,Academic
2025-12-02,Block 26,31.25251262043042,75.70288890163525,34.75,Academic
2025-12-02,Block 27,31.25262304671798,75.70329206978182,39.98,Academic
2025-12-02,Block 28,31.252596276720727,75.7037813515131,37.99,Academic
2025-12-02,Block 29,31.252562116406462,75.70411583579198,29.05,Academic
2025-12-02,Block 30,31.252571645141806,75.70455889610352,42.77,Academic
2025-12-02,Block 31,31.252702665155137,75.7049295063012,32.63,Academic
2025-12-02,Block 32,31.25216502650298,75.70479171190456,37.42,Academic
2025-12-02,Block 33,31.251433721346658,75.70482876400567,21.67,Academic
2025-12-02,Block 34,31.251507960320698,75.70420351952421,43.04,Academic
2025-12-02,UniMall,31.25571794879689,75.70553427963397,30.97,Default
2025-12-02,Oven Express (Main FC),31.257670255968534,75.7078325176423,87.71,Food Court
2025-12-02,Food Court 1,31.25071137449487,75.70009168116188,99.24,Food Court
2025-12-02,Food Court 2,31.24912804468433,75.69950557836073,70.2,Food Court
2025-12-02,Food Court 3,31.249114785500492,75.70177503332981,95.26,Food Court
2025-12-02,Food Court 4,31.252365144929435,75.7019262975906,86.51,Food Court
2025-12-02,Food Court 5,31.250888320767253,75.70475685420077,100.0,Food Court
2025-12-02,Food Court 6,31.255250658751176,75.70326922923269,63.32,Food Court
2025-12-02,Food Court 7,31.247164525086042,75.70462982835663,100.0,Food Court
2025-12-02,Robo Park,31.253253426235908,75.70323783622219,11.02,Park
2025-12-02,Dildo Park,31.258042979879235,75.70734165487251,75.18,Park
2025-12-02,BH 1 Ground,31.251164654273417,75.69910443978571,62.1,Hostel
2025-12-02,BH 6 Cricket Ground,31.247864304246278,75.70102606171987,9.72,Hostel
2025-12-03,BH 1,31.251131,75.700444,44.9,Hostel
2025-12-03,BH 2,31.249572,75.701215,93.28,Hostel
2025-12-03,BH 3,31.249341,75.700326,51.38,Hostel
2025-12-03,BH 4,31.248807,75.69945,51.69,Hostel
2025-12-03,BH 5,31.248429,75.703425,33.57,Hostel
2025-12-03,BH 6,31.24773,75.703284,48.53,Hostel
2025-12-03,BH 7,31.249587,75.698453,49.99,Hostel
2025-12-03,BH 9,31.248997,75.707221,51.97,Hostel
2025-12-03,GH 1,31.25698,75.705917,63.5,Hostel
2025-12-03,GH 2,31.256576349156013,75.70600305197192,53.08,Hostel
2025-12-03,GH 3,31.256247,75.705907,47.75,Hostel
2025-12-03,GH 4,31.256147,75.705593,72.11,Hostel
2025-12-03,GH 5,31.253345,75.701441,67.73,Hostel
2025-12-03,GH 6,31.253894,75.701453,38.47,Hostel
2025-12-03,Block 25,31.252766935323233,75.70247007647266,28.19,Academic
2025-12-03,Block 26,31.25251262043042,75.70288890163525,24.86,Academic
2025-12-03,Block 27,31.25262304671798,75.70329206978182,36.02,Academic
2025-12-03,Block 28,31.252596276720727,75.7037813515131,15.96,Academic
2025-12-03,Block 29,31.252562116406462,75.70411583579198,42.6,Academic
2025-12-03,Block 30,31.252571645141806,75.70455889610352,44.74,Academic
2025-12-03,Block 31,31.252702665155137,75.7049295063012,33.96,Academic
2025-12-03,Block 32,31.25216502650298,75.70479171190456,26.22,Academic
2025-12-03,Block 33,31.251433721346658,75.70482876400567,35.15,Academic
2025-12-03,Block 34,31.251507960320698,75.70420351952421,37.67,Academic
2025-12-03,UniMall,31.25571794879689,75.70553427963397,37.79,Default
2025-12-03,Oven Express (Main FC),31.257670255968534,75.7078325176423,100.0,Food Court
2025-12-03,Food Court 1,31.25071137449487,75.70009168116188,72.5,Food Court
2025-12-03,Food Court 2,31.24912804468433,75.69950557836073,68.84,Food Court
2025-12-03,Food Court 3,31.249114785500492,75.70177503332981,78.0,Food Court
2025-12-03,Food Court 4,31.252365144929435,75.7019262975906,97.56,Food Court
2025-12-03,Food Court 5,31.250888320767253,75.70475685420077,99.32,Food Court
2025-12-03,Food Court 6,31.255250658751176,75.70326922923269,71.34,Food Court
2025-12-03,Food Court 7,31.247164525086042,75.70462982835663,74.54,Food Court
2025-12-03,Robo Park,31.253253426235908,75.70323783622219,21.26,Park
2025-12-03,Dildo Park,31.258042979879235,75.70734165487251,41.76,Park
2025-12-03,BH 1 Ground,31.251164654273417,75.69910443978571,87.23,Hostel
2025-12-03,BH 6 Cricket Ground,31.247864304246278,75.70102606171987,36.42,Hostel
2025-12-04,BH 1,31.251131,75.700444,57.8,Hostel
2025-12-04,BH 2,31.249572,75.701215,50.57,Hostel
2025-12-04,BH 3,31.249341,75.700326,64.06,Hostel
2025-12-04,BH 4,31.248807,75.69945,39.68,Hostel
2025-12-04,BH 5,31.248429,75.703425,100.0,Hostel
2025-12-04,BH 6,31.24773,75.703284,64.88,Hostel
2025-12-04,BH 7,31.249587,75.698453,84.62,Hostel
2025-12-04,BH 9,31.248997,75.707221,69.76,Hostel
2025-12-04,GH 1,31.25698,75.705917,42.53,Hostel
2025-12-04,GH 2,31.256576349156013,75.70600305197192,52.79,Hostel
2025-12-04,GH 3,31.256247,75.705907,41.77,Hostel
2025-12-04,GH 4,31.256147,75.705593,33.55,Hostel
2025-12-04,GH 5,31.253345,75.701441,26.4,Hostel
2025-12-04,GH 6,31.253894,75.701453,55.39,Hostel
2025-12-04,Block 25,31.252766935323233,75.70247007647266,32.63,Academic
2025-12-04,Block 26,31.25251262043042,75.70288890163525,45.54,Academic
2025-12-04,Block 27,31.25262304671798,75.70329206978182,2.69,Academic
2025-12-04,Block 28,31.252596276720727,75.7037813515131,29.07,Academic
2025-12-04,Block 29,31.252562116406462,75.70411583579198,28.91,Academic
2025-12-04,Block 30,31.252571645141806,75.70455889610352,28.48,Academic
2025-12-04,Block 31,31.252702665155137,75.7049295063012,15.32,Academic
2025-12-04,Block 32,31.25216502650298,75.70479171190456,22.92,Academic
2025-12-04,Block 33,31.251433721346658,75.70482876400567,28.09,Academic
2025-12-04,Block 34,31.251507960320698,75.70420351952421,39.21,Academic
2025-12-04,UniMall,31.25571794879689,75.70553427963397,47.44,Default
2025-12-04,Oven Express (Main FC),31.257670255968534,75.7078325176423,66.16,Food Court
2025-12-04,Food Court 1,31.25071137449487,75.70009168116188,80.35,Food Court
2025-12-04,Food Court 2,31.24912804468433,75.69950557836073,62.85,Food Court
2025-12-04,Food Court 3,31.249114785500492,75.70177503332981,66.82,Food Court
2025-12-04,Food Court 4,31.252365144929435,75.7019262975906,57.63,Food Court
2025-12-04,Food Court 5,31.250888320767253,75.70475685420077,99.75,Food Court
2025-12-04,Food Court 6,31.255250658751176,75.70326922923269,92.46,Food Court
2025-12-04,Food Court 7,31.247164525086042,75.70462982835663,94.28,Food Court
2025-12-04,Robo Park,31.253253426235908,75.70323783622219,66.37,Park
2025-12-04,Dildo Park,31.258042979879235,75.70734165487251,35.03,Park
2025-12-04,BH 1 Ground,31.251164654273417,75.69910443978571,2.46,Hostel
2025-12-04,BH 6 Cricket Ground,31.247864304246278,75.70102606171987,59.54,Hostel
2025-12-05,BH 1,31.251131,75.700444,77.82,Hostel
2025-12-05,BH 2,31.249572,75.701215,51.66,Hostel
2025-12-05,BH 3,31.249341,75.700326,37.8,Hostel
2025-12-05,BH 4,31.248807,75.69945,1.81,Hostel
2025-12-05,BH 5,31.248429,75.703425,29.95,Hostel
2025-12-05,BH 6,31.24773,75.703284,39.01,Hostel
2025-12-05,BH 7,31.249587,75.698453,40.78,Hostel
2025-12-05,BH 9,31.248997,75.707221,36.69,Hostel
2025-12-05,GH 1,31.25698,75.705917,27.37,Hostel
2025-12-05,GH 2,31.256576349156013,75.70600305197192,53.03,Hostel
2025-12-05,GH 3,31.256247,75.705907,60.74,Hostel
2025-12-05,GH 4,31.256147,75.705593,55.85,Hostel
2025-12-05,GH 5,31.253345,75.701441,60.58,Hostel
2025-12-05,GH 6,31.253894,75.701453,52.72,Hostel
2025-12-05,Block 25,31.252766935323233,75.70247007647266,3.62,Academic
2025-12-05,Block 26,31.25251262043042,75.70288890163525,17.75,Academic
2025-12-05,Block 27,31.25262304671798,75.70329206978182,24.95,Academic
2025-12-05,Block 28,31.252596276720727,75.7037813515131,11.22,Academic
2025-12-05,Block 29,31.252562116406462,75.70411583579198,32.81,Academic
2025-12-05,Block 30,31.252571645141806,75.70455889610352,23.63,Academic
2025-12-05,Block 31,31.252702665155137,75.7049295063012,25.5,Academic
2025-12-05,Block 32,31.25216502650298,75.70479171190456,34.12,Academic
2025-12-05,Block 33,31.251433721346658,75.70482876400567,34.06,Academic
2025-12-05,Block 34,31.251507960320698,75.70420351952421,45.15,Academic
2025-12-05,UniMall,31.25571794879689,75.70553427963397,35.77,Default
2025-12-05,Oven Express (Main FC),31.257670255968534,75.7078325176423,100.0,Food Court
2025-12-05,Food Court 1,31.25071137449487,75.70009168116188,74.45,Food Court
2025-12-05,Food Court 2,31.24912804468433,75.69950557836073,59.17,Food Court
2025-12-05,Food Court 3,31.249114785500492,75.70177503332981,100.0,Food Court
2025-12-05,Food Court 4,31.252365144929435,75.7019262975906,61.55,Food Court
2025-12-05,Food Court 5,31.250888320767253,75.70475685420077,86.11,Food Court
2025-12-05,Food Court 6,31.255250658751176,75.70326922923269,77.56,Food Court
2025-12-05,Food Court 7,31.247164525086042,75.70462982835663,75.27,Food Court
2025-12-05,Robo Park,31.253253426235908,75.70323783622219,56.79,Park
2025-12-05,Dildo Park,31.258042979879235,75.70734165487251,40.4,Park
2025-12-05,BH 1 Ground,31.251164654273417,75.69910443978571,49.4,Hostel
2025-12-05,BH 6 Cricket Ground,31.247864304246278,75.70102606171987,52.87,Hostel
2025-12-06,BH 1,31.251131,75.700444,24.05,Hostel
2025-12-06,BH 2,31.249572,75.701215,64.79,Hostel
2025-12-06,BH 3,31.249341,75.700326,56.54,Hostel
2025-12-06,BH 4,31.248807,75.69945,80.98,Hostel
2025-12-06,BH 5,31.248429,75.703425,48.31,Hostel
2025-12-06,BH 6,31.24773,75.703284,69.24,Hostel
2025-12-06,BH 7,31.249587,75.698453,63.92,Hostel
2025-12-06,BH 9,31.248997,75.707221,34.19,Hostel
2025-12-06,GH 1,31.25698,75.705917,58.73,Hostel
2025-12-06,GH 2,31.256576349156013,75.70600305197192,36.52,Hostel
2025-12-06,GH 3,31.256247,75.705907,100.0,Hostel
2025-12-06,GH 4,31.256147,75.705593,38.79,Hostel
2025-12-06,GH 5,31.253345,75.701441,65.65,Hostel
2025-12-06,GH 6,31.253894,75.701453,48.85,Hostel
2025-12-06,Block 25,31.252766935323233,75.70247007647266,19.56,Academic
2025-12-06,Block 26,31.25251262043042,75.70288890163525,29.59,Academic
2025-12-06,Block 27,31.25262304671798,75.70329206978182,18.22,Academic
2025-12-06,Block 28,31.252596276720727,75.7037813515131,49.25,Academic
2025-12-06,Block 29,31.252562116406462,75.70411583579198,13.37,Academic
2025-12-06,Block 30,31.252571645141806,75.70455889610352,27.23,Academic
2025-12-06,Block 31,31.252702665155137,75.7049295063012,21.4,Academic
2025-12-06,Block 32,31.25216502650298,75.70479171190456,35.63,Academic
2025-12-06,Block 33,31.251433721346658,75.70482876400567,20.17,Academic
2025-12-06,Block 34,31.251507960320698,75.70420351952421,20.3,Academic
2025-12-06,UniMall,31.25571794879689,75.70553427963397,16.45,Default
2025-12-06,Oven Express (Main FC),31.257670255968534,75.7078325176423,67.83,Food Court
2025-12-06,Food Court 1,31.25071137449487,75.70009168116188,88.04,Food Court
2025-12-06,Food Court 2,31.24912804468433,75.69950557836073,93.58,Food Court
2025-12-06,Food Court 3,31.249114785500492,75.70177503332981,77.04,Food Court
2025-12-06,Food Court 4,31.252365144929435,75.7019262975906,100.0,Food Court
2025-12-06,Food Court 5,31.250888320767253,75.70475685420077,100.0,Food Court
2025-12-06,Food Court 6,31.255250658751176,75.70326922923269,85.53,Food Court
2025-12-06,Food Court 7,31.247164525086042,75.70462982835663,82.38,Food Court
2025-12-06,Robo Park,31.253253426235908,75.70323783622219,67.86,Park
2025-12-06,Dildo Park,31.258042979879235,75.70734165487251,55.7,Park
2025-12-06,BH 1 Ground,31.251164654273417,75.69910443978571,53.67,Hostel
2025-12-06,BH 6 Cricket Ground,31.247864304246278,75.70102606171987,62.24,Hostel
2025-12-07,BH 1,31.251131,75.700444,52.37,Hostel
2025-12-07,BH 2,31.249572,75.701215,45.05,Hostel
2025-12-07,BH 3,31.249341,75.700326,16.0,Hostel
2025-12-07,BH 4,31.248807,75.69945,45.58,Hostel
2025-12-07,BH 5,31.248429,75.703425,69.16,Hostel
2025-12-07,BH 6,31.24773,75.703284,37.8,Hostel
2025-12-07,BH 7,31.249587,75.698453,38.31,Hostel
2025-12-07,BH 9,31.248997,75.707221,48.23,Hostel
2025-12-07,GH 1,31.25698,75.705917,44.31,Hostel
2025-12-07,GH 2,31.256576349156013,75.70600305197192,47.38,Hostel
2025-12-07,GH 3,31.256247,75.705907,65.72,Hostel
2025-12-07,GH 4,31.256147,75.705593,35.7,Hostel
2025-12-07,GH 5,31.253345,75.701441,75.78,Hostel
2025-12-07,GH 6,31.253894,75.701453,57.54,Hostel
2025-12-07,Block 25,31.252766935323233,75.70247007647266,25.94,Academic
2025-12-07,Block 26,31.25251262043042,75.70288890163525,18.39,Academic
2025-12-07,Block 27,31.25262304671798,75.70329206978182,15.15,Academic
2025-12-07,Block 28,31.252596276720727,75.7037813515131,37.09,Academic
2025-12-07,Block 29,31.252562116406462,75.70411583579198,18.79,Academic
2025-12-07,Block 30,31.252571645141806,75.70455889610352,39.04,Academic
2025-12-07,Block 31,31.252702665155137,75.7049295063012,25.07,Academic
2025-12-07,Block 32,31.25216502650298,75.70479171190456,27.9,Academic
2025-12-07,Block 33,31.251433721346658,75.70482876400567,14.65,Academic
2025-12-07,Block 34,31.251507960320698,75.70420351952421,30.83,Academic
2025-12-07,UniMall,31.25571794879689,75.70553427963397,36.48,Default
2025-12-07,Oven Express (Main FC),31.257670255968534,75.7078325176423,85.72,Food Court
2025-12-07,Food Court 1,31.25071137449487,75.70009168116188,39.73,Food Court
2025-12-07,Food Court 2,31.24912804468433,75.69950557836073,44.4,Food Court
2025-12-07,Food Court 3,31.249114785500492,75.70177503332981,47.63,Food Court
2025-12-07,Food Court 4,31.252365144929435,75.7019262975906,41.62,Food Court
2025-12-07,Food Court 5,31.250888320767253,75.70475685420077,34.3,Food Court
2025-12-07,Food Court 6,31.255250658751176,75.70326922923269,80.26,Food Court
2025-12-07,Food Court 7,31.247164525086042,75.70462982835663,90.7,Food Court
2025-12-07,Robo Park,31.253253426235908,75.70323783622219,31.13,Park
2025-12-07,Dildo Park,31.258042979879235,75.70734165487251,59.52,Park
2025-12-07,BH 1 Ground,31.251164654273417,75.69910443978571,47.98,Hostel
2025-12-07,BH 6 Cricket Ground,31.247864304246278,75.70102606171987,52.16,Hostel
2025-12-08,BH 1,31.251131,75.700444,71.14,Hostel
2025-12-08,BH 2,31.249572,75.701215,100.0,Hostel
2025-12-08,BH 3,31.249341,75.700326,63.26,Hostel
2025-12-08,BH 4,31.248807,75.69945,66.89,Hostel
2025-12-08,BH 5,31.248429,75.703425,60.93,Hostel
2025-12-08,BH 6,31.24773,75.703284,69.21,Hostel
2025-12-08,BH 7,31.249587,75.698453,79.9,Hostel
2025-12-08,BH 9,31.248997,75.707221,39.15,Hostel
2025-12-08,GH 1,31.25698,75.705917,40.81,Hostel
2025-12-08,GH 2,31.256576349156013,75.70600305197192,40.86,Hostel
2025-12-08,GH 3,31.256247,75.705907,56.78,Hostel
2025-12-08,GH 4,31.256147,75.705593,64.55,Hostel
2025-12-08,GH 5,31.253345,75.701441,81.95,Hostel
2025-12-08,GH 6,31.253894,75.701453,34.41,Hostel
2025-12-08,Block 25,31.252766935323233,75.70247007647266,34.94,Academic
2025-12-08,Block 26,31.25251262043042,75.70288890163525,49.41,Academic
2025-12-08,Block 27,31.25262304671798,75.70329206978182,16.15,Academic
2025-12-08,Block 28,31.252596276720727,75.7037813515131,42.89,Academic
2025-12-08,Block 29,31.252562116406462,75.70411583579198,30.43,Academic
2025-12-08,Block 30,31.252571645141806,75.70455889610352,32.74,Academic
2025-12-08,Block 31,31.252702665155137,75.7049295063012,32.55,Academic
2025-12-08,Block 32,31.25216502650298,75.70479171190456,23.41,Academic
2025-12-08,Block 33,31.251433721346658,75.70482876400567,31.66,Academic
2025-12-08,Block 34,31.251507960320698,75.70420351952421,19.3,Academic
2025-12-08,UniMall,31.25571794879689,75.70553427963397,40.57,Default
2025-12-08,Oven Express (Main FC),31.257670255968534,75.7078325176423,81.86,Food Court
2025-12-08,Food Court 1,31.25071137449487,75.70009168116188,97.27,Food Court
2025-12-08,Food Court 2,31.24912804468433,75.69950557836073,100.0,Food Court
2025-12-08,Food Court 3,31.249114785500492,75.70177503332981,35.8,Food Court
2025-12-08,Food Court 4,31.252365144929435,75.7019262975906,39.14,Food Court
2025-12-08,Food Court 5,31.250888320767253,75.70475685420077,72.51,Food Court
2025-12-08,Food Court 6,31.255250658751176,75.70326922923269,48.28,Food Court
2025-12-08,Food Court 7,31.247164525086042,75.70462982835663,54.93,Food Court
2025-12-08,Robo Park,31.253253426235908,75.70323783622219,38.19,Park
2025-12-08,Dildo Park,31.258042979879235,75.70734165487251,56.98,Park
2025-12-08,BH 1 Ground,31.251164654273417,75.69910443978571,31.83,Hostel
2025-12-08,BH 6 Cricket Ground,31.247864304246278,75.70102606171987,39.99,Hostel
2025-12-09,BH 1,31.251131,75.700444,32.56,Hostel
2025-12-09,BH 2,31.249572,75.701215,76.62,Hostel
2025-12-09,BH 3,31.249341,75.700326,66.83,Hostel
2025-12-09,BH 4,31.248807,75.69945,65.6,Hostel
2025-12-09,BH 5,31.248429,75.703425,43.52,Hostel
2025-12-09,BH 6,31.24773,75.703284,41.21,Hostel
2025-12-09,BH 7,31.249587,75.698453,79.97,Hostel
2025-12-09,BH 9,31.248997,75.707221,53.68,Hostel
2025-12-09,GH 1,31.25698,75.705917,50.18,Hostel
2025-12-09,GH 2,31.256576349156013,75.70600305197192,5.2,Hostel
2025-12-09,GH 3,31.256247,75.705907,67.86,Hostel
2025-12-09,GH 4,31.256147,75.705593,76.61,Hostel
2025-12-09,GH 5,31.253345,75.701441,66.43,Hostel
2025-12-09,GH 6,31.253894,75.701453,49.66,Hostel
2025-12-09,Block 25,31.252766935323233,75.70247007647266,27.62,Academic
2025-12-09,Block 26,31.25251262043042,75.70288890163525,32.8,Academic
2025-12-09,Block 27,31.25262304671798,75.70329206978182,32.29,Academic
2025-12-09,Block 28,31.252596276720727,75.7037813515131,25.47,Academic
2025-12-09,Block 29,31.252562116406462,75.70411583579198,36.22,Academic
2025-12-09,Block 30,31.252571645141806,75.70455889610352,31.73,Academic
2025-12-09,Block 31,31.252702665155137,75.7049295063012,22.64,Academic
2025-12-09,Block 32,31.25216502650298,75.70479171190456,34.44,Academic
2025-12-09,Block 33,31.251433721346658,75.70482876400567,38.98,Academic
2025-12-09,Block 34,31.251507960320698,75.70420351952421,23.85,Academic
2025-12-09,UniMall,31.25571794879689,75.70553427963397,47.27,Default
2025-12-09,Oven Express (Main FC),31.257670255968534,75.7078325176423,80.01,Food Court
2025-12-09,Food Court 1,31.25071137449487,75.70009168116188,84.97,Food Court
2025-12-09,Food Court 2,31.24912804468433,75.69950557836073,100.0,Food Court
2025-12-09,Food Court 3,31.249114785500492,75.70177503332981,78.31,Food Court
2025-12-09,Food Court 4,31.252365144929435,75.7019262975906,95.11,Food Court
2025-12-09,Food Court 5,31.250888320767253,75.70475685420077,47.56,Food Court
2025-12-09,Food Court 6,31.255250658751176,75.70326922923269,35.71,Food Court
2025-12-09,Food Court 7,31.247164525086042,75.70462982835663,58.34,Food Court
2025-12-09,Robo Park,31.253253426235908,75.70323783622219,32.72,Park
2025-12-09,Dildo Park,31.258042979879235,75.70734165487251,39.93,Park
2025-12-09,BH 1 Ground,31.251164654273417,75.69910443978571,53.55,Hostel
2025-12-09,BH 6 Cricket Ground,31.247864304246278,75.70102606171987,60.59,Hostel
2025-12-10,BH 1,31.251131,75.700444,60.01,Hostel
2025-12-10,BH 2,31.249572,75.701215,48.67,Hostel
2025-12-10,BH 3,31.249341,75.700326,40.1,Hostel
2025-12-10,BH 4,31.248807,75.69945,58.62,Hostel
2025-12-10,BH 5,31.248429,75.703425,50.76,Hostel
2025-12-10,BH 6,31.24773,75.703284,19.15,Hostel
2025-12-10,BH 7,31.249587,75.698453,47.14,Hostel
2025-12-10,BH 9,31.248997,75.707221,32.07,Hostel
2025-12-10,GH 1,31.25698,75.705917,51.34,Hostel
2025-12-10,GH 2,31.256576349156013,75.70600305197192,79.66,Hostel
2025-12-10,GH 3,31.256247,75.705907,62.46,Hostel
2025-12-10,GH 4,31.256147,75.705593,54.38,Hostel
2025-12-10,GH 5,31.253345,75.701441,52.05,Hostel
2025-12-10,GH 6,31.253894,75.701453,64.52,Hostel
2025-12-10,Block 25,31.252766935323233,75.70247007647266,43.17,Academic
2025-12-10,Block 26,31.25251262043042,75.70288890163525,23.39,Academic
2025-12-10,Block 27,31.25262304671798,75.70329206978182,29.07,Academic
2025-12-10,Block 28,31.252596276720727,75.7037813515131,32.28,Academic
2025-12-10,Block 29,31.252562116406462,75.70411583579198,37.28,Academic
2025-12-10,Block 30,31.252571645141806,75.70455889610352,39.17,Academic
2025-12-10,Block 31,31.252702665155137,75.7049295063012,29.67,Academic
2025-12-10,Block 32,31.25216502650298,75.70479171190456,24.73,Academic
2025-12-10,Block 33,31.251433721346658,75.70482876400567,37.62,Academic
2025-12-10,Block 34,31.251507960320698,75.70420351952421,33.34,Academic
2025-12-10,UniMall,31.25571794879689,75.70553427963397,21.89,Default
2025-12-10,Oven Express (Main FC),31.257670255968534,75.7078325176423,100.0,Food Court
2025-12-10,Food Court 1,31.25071137449487,75.70009168116188,100.0,Food Court
2025-12-10,Food Court 2,31.24912804468433,75.69950557836073,70.73,Food Court
2025-12-10,Food Court 3,31.249114785500492,75.70177503332981,0.0,Food Court
2025-12-10,Food Court 4,31.252365144929435,75.7019262975906,100.0,Food Court
2025-12-10,Food Court 5,31.250888320767253,75.70475685420077,49.36,Food Court
2025-12-10,Food Court 6,31.255250658751176,75.70326922923269,89.72,Food Court
2025-12-10,Food Court 7,31.247164525086042,75.70462982835663,100.0,Food Court
2025-12-10,Robo Park,31.253253426235908,75.70323783622219,62.94,Park
2025-12-10,Dildo Park,31.258042979879235,75.70734165487251,50.2,Park
2025-12-10,BH 1 Ground,31.251164654273417,75.69910443978571,44.54,Hostel
2025-12-10,BH 6 Cricket Ground,31.247864304246278,75.70102606171987,74.59,Hostel
2025-12-11,BH 1,31.251131,75.700444,56.97,Hostel
2025-12-11,BH 2,31.249572,75.701215,36.1,Hostel
2025-12-11,BH 3,31.249341,75.700326,64.57,Hostel
2025-12-11,BH 4,31.248807,75.69945,5.85,Hostel
2025-12-11,BH 5,31.248429,75.703425,71.84,Hostel
2025-12-11,BH 6,31.24773,75.703284,50.31,Hostel
2025-12-11,BH 7,31.249587,75.698453,68.72,Hostel
2025-12-11,BH 9,31.248997,75.707221,54.64,Hostel
2025-12-11,GH 1,31.25698,75.705917,48.26,Hostel
2025-12-11,GH 2,31.256576349156013,75.70600305197192,74.69,Hostel
2025-12-11,GH 3,31.256247,75.705907,49.17,Hostel
2025-12-11,GH 4,31.256147,75.705593,32.83,Hostel
2025-12-11,GH 5,31.253345,75.701441,60.81,Hostel
2025-12-11,GH 6,31.253894,75.701453,62.7,Hostel
2025-12-11,Block 25,31.252766935323233,75.70247007647266,41.25,Academic
2025-12-11,Block 26,31.25251262043042,75.70288890163525,19.41,Academic
2025-12-11,Block 27,31.25262304671798,75.70329206978182,21.36,Academic
2025-12-11,Block 28,31.252596276720727,75.7037813515131,29.0,Academic
2025-12-11,Block 29,31.252562116406462,75.70411583579198,21.6,Academic
2025-12-11,Block 30,31.252571645141806,75.70455889610352,5.0,Academic
2025-12-11,Block 31,31.252702665155137,75.7049295063012,15.52,Academic
2025-12-11,Block 32,31.25216502650298,75.70479171190456,24.67,Academic
2025-12-11,Block 33,31.251433721346658,75.70482876400567,37.47,Academic
2025-12-11,Block 34,31.251507960320698,75.70420351952421,37.68,Academic
2025-12-11,UniMall,31.25571794879689,75.70553427963397,12.51,Default
2025-12-11,Oven Express (Main FC),31.257670255968534,75.7078325176423,75.17,Food Court
2025-12-11,Food Court 1,31.25071137449487,75.70009168116188,93.75,Food Court
2025-12-11,Food Court 2,31.24912804468433,75.69950557836073,100.0,Food Court
2025-12-11,Food Court 3,31.249114785500492,75.70177503332981,42.02,Food Court
2025-12-11,Food Court 4,31.252365144929435,75.7019262975906,76.29,Food Court
2025-12-11,Food Court 5,31.250888320767253,75.70475685420077,98.32,Food Court
2025-12-11,Food Court 6,31.255250658751176,75.70326922923269,91.21,Food Court
2025-12-11,Food Court 7,31.247164525086042,75.70462982835663,61.37,Food Court
2025-12-11,Robo Park,31.253253426235908,75.70323783622219,20.5,Park
2025-12-11,Dildo Park,31.258042979879235,75.70734165487251,71.86,Park
2025-12-11,BH 1 Ground,31.251164654273417,75.69910443978571,36.75,Hostel
2025-12-11,BH 6 Cricket Ground,31.247864304246278,75.70102606171987,31.32,Hostel
2025-12-12,BH 1,31.251131,75.700444,23.85,Hostel
2025-12-12,BH 2,31.249572,75.701215,47.17,Hostel
2025-12-12,BH 3,31.249341,75.700326,73.21,Hostel
2025-12-12,BH 4,31.248807,75.69945,30.24,Hostel
2025-12-12,BH 5,31.248429,75.703425,63.72,Hostel
2025-12-12,BH 6,31.24773,75.703284,39.22,Hostel
2025-12-12,BH 7,31.249587,75.698453,45.6,Hostel
2025-12-12,BH 9,31.248997,75.707221,32.6,Hostel
2025-12-12,GH 1,31.25698,75.705917,38.16,Hostel
2025-12-12,GH 2,31.256576349156013,75.70600305197192,44.48,Hostel
2025-12-12,GH 3,31.256247,75.705907,41.9,Hostel
2025-12-12,GH 4,31.256147,75.705593,43.1,Hostel
2025-12-12,GH 5,31.253345,75.701441,69.9,Hostel
2025-12-12,GH 6,31.253894,75.701453,32.14,Hostel
2025-12-12,Block 25,31.252766935323233,75.70247007647266,24.38,Academic
2025-12-12,Block 26,31.25251262043042,75.70288890163525,33.26,Academic
2025-12-12,Block 27,31.25262304671798,75.70329206978182,34.55,Academic
2025-12-12,Block 28,31.252596276720727,75.7037813515131,8.58,Academic
2025-12-12,Block 29,31.252562116406462,75.70411583579198,14.28,Academic
2025-12-12,Block 30,31.252571645141806,75.70455889610352,26.96,Academic
2025-12-12,Block 31,31.252702665155137,75.7049295063012,43.5,Academic
2025-12-12,Block 32,31.25216502650298,75.70479171190456,30.42,Academic
2025-12-12,Block 33,31.251433721346658,75.70482876400567,43.53,Academic
2025-12-12,Block 34,31.251507960320698,75.70420351952421,31.06,Academic
2025-12-12,UniMall,31.25571794879689,75.70553427963397,29.68,Default
2025-12-12,Oven Express (Main FC),31.257670255968534,75.7078325176423,55.44,Food Court
2025-12-12,Food Court 1,31.25071137449487,75.70009168116188,100.0,Food Court
2025-12-12,Food Court 2,31.24912804468433,75.69950557836073,57.06,Food Court
2025-12-12,Food Court 3,31.249114785500492,75.70177503332981,100.0,Food Court
2025-12-12,Food Court 4,31.252365144929435,75.7019262975906,27.68,Food Court
2025-12-12,Food Court 5,31.250888320767253,75.70475685420077,56.65,Food Court
2025-12-12,Food Court 6,31.255250658751176,75.70326922923269,0.0,Food Court
2025-12-12,Food Court 7,31.247164525086042,75.70462982835663,100.0,Food Court
2025-12-12,Robo Park,31.253253426235908,75.70323783622219,56.76,Park
2025-12-12,Dildo Park,31.258042979879235,75.70734165487251,36.42,Park
2025-12-12,BH 1 Ground,31.251164654273417,75.69910443978571,28.85,Hostel
2025-12-12,BH 6 Cricket Ground,31.247864304246278,75.70102606171987,45.54,Hostel
